(^(エ)^)KUMA,（^(エ)^）ＫＵＭＡ,（^(エ)^）KUMA
200ミリくん,２００ミリくん
BLC48,BLC49
☆Council★,council,Council
C.C.messiah,C.C.メシア
DEXTURE,Dexture
HD63C09,HDC6309
HAT,ＨＡＴ,Hat
HiM,HIM
katos583,katos485
K-YAMA,k-yama
Minty Lemon,MintyLemon
Mizo、,"Mizo,",Ｍｉｚｏ,Mizo
NYAGORO,NYAGORO2001
OTT2,TT2
PEDDLER,peddler
RF31,RF３１
Rossi musha,Rossi Musha
SUIHO,Suiho
TYHOPY,ＴＹＨＯＰＹ
Tatiana0719,Ｔａｔｉａｎａ0719
Travis_Walk,travis_walk
USG54013,USG
Xiaomu,Xiamu
YAS.,YAS
cmo11,C-mo11
d(H-Y)b,(H-Y)
eastwood,westwood
genki375,Genki*375
imaginegargle,イマジンガーグル,イマジン・ガーグル
k-130,K-130
koushi,Koushi
martha,martua
moncoけんぢろ〜,monco健二郎
ossanazuma,osanazuma
pakupaku,pakupaku 
punipuni,punipuni 
sage000,sage
sd_nano,sdnano
sgo,sgo20160117116,sgoalopha
sk_mot,sk_not,skmot
smpp,ｓｍｐｐ
sugisaku,SUGISAKU
t2-sakai,ｔ２−ｓａｋａｉ
taros,TAROS
ucchie1972,ucchie,ucchie2772,ucchie2001
young young,youngyoung
yuppppppppppa,yuppppa
★sabeam,sabeam
★vwpolo321★,☆vwpolo321☆
★★★北さん★★★,★北さん,北さん
★したばたらき★,したばたらき
★しゃりけん★,しゃりけん
★とろろごはんたべたい★,とろろごはん食べたい！
★どらごん,どらごん,どらごん1120
★さすらいの神経内科医★,さすらいの脳神経内科医,ひきこもり神経内科
★復活,復活★
●ＺＺＺくん,ＺＺＺＺＺ君,ＺＺＺくん
●ごらりら●,●▲■ごらりら
●ちゃきちゃきのかんさいじん,●ちゃきちゃきの関西人
●弁護士あだちけいた●,弁護士あだちけいた
▲△ぐりー△▲,ぐりー
◆スケベオヤヂ１号◆,スケベオヤヂ１号
◆かや,かや
★★てっつん☆☆,てっつん
★★★しおはる★★★,しおはる
♪brian,Brian
ｔｙｔｙｔｙ,ｔｙｔｙｔｙｔｙ,tytyty
いーにょん,い〜にょん
ういず,うぃず
えすこま320,えすこま
え～じぃ,え〜じぃ
おぐＰちゃん,おぐPちゃん,おぐP−ちゃん,おぐP－ちゃん
かとちゃぼ,カトチャボ
かんた,カンタ
きーす,キース
きんぎょ(のぞ),きんぎょ
きんじょ(愛知県),きんじょ（愛知県）,きんじょ
くじらとかえる,かえるとくじら
こあら２号★,こあら２号
こっしー,コッシー
こばや(@ts_kobaya),kobaya　(こばや),kobaya(こばや)
ゴロタの女神,ゴロタ場の女神
さだはる＠がんばらない,さだはる
サボテン５,サボテン55
さようならシークレットブーツの似合うチビテラしぇんしぇい,５０歳なのに七五三に間違われたちびテラ,見栄坊のちびテラ,けちの寺田,ちびの寺田
さるとび,さるとび王子
さんさんやまやま,さんやま,やまさん,やまやまさんさん,やまやまさん
しのしの＠大阪,しのしの@大阪
ジェイソン・ジェイ・サカタ,ジェイソン酒田
じぇふゆな,ジェフユナ
じょんだよ！！！！！！,じょんだよ！,じょんだよ
じょ～じ君,じょ〜じ君,じょ?じ君,じょ〜じ
せたがやのおさるさん,ぜたがやのおさるさん,世田谷のおさるさん
たくや1984,たくや
たこさつ,★たこさつ
たみるなどぅ,チェンナイ改たみるなどぅ,チェンナイ
つくね,ツクネ
てんどんや,リバイバル★てんどんや
どりどり,どりドリ
どん＠またね,どん,どん@復活おめでとうございます
ななやま★たろう,ななやまたろう
にゃ～ちゃん,にゃ~ちゃん
ぬぬぬぬ,ぬぬぬぬぬ
はくぶん,はくぶｎ
はらたいまに3000点,はらたいまに全部
はるまき,春巻生春巻,春巻き生春巻き,はるまきなまはるまき
ひろひろたっぷさん,ひろひろタップさん,ひろひろたっぷ,ひろたっぷ
ぴーなつ侍★,ぴーなつ侍,ピーナツ侍
ぴこたろう,ピコタロウ
ひだかよしひと,ひだか よしひと
ひらけん※※,ひらけん
ぴ～す,ぴ〜す,ぴ?す,ぴーす
ふじけら。,ふじけら
へいぽこ@妊婦,へいぽこ
ほえほえ０２,ほえほえ02
ぽんぱぱ,ぽんパパ
みー＠白黒兎ちゃん同盟,みー
みぃ,みぃ☆
むんふー(蒲郡市),むんふー
もりし☆,もりし
もんき〜3号,もんき?3号
やぴ,ヤピ
やーまん,ヤーマン
らんえぼＶ,らんえぼV
ら〜めん＠大盛,ラーメン＠大盛
りっこ★,りっこ
りっぷる・ふぉっくす,りっぷるふぉっくす
れんこん★,れんこん
わきんちょ★,わきんちょ☆,わきんちょ
オクラ同好会,オクラ同好会前田
オサム君,オサム君（中井オサム改めます。フルネームの人なんて他にいなかった…）,中井オサム
ガルガン爺,ガルガンジー,カルガンちゃん,ガルガンちゃん
クソメガネん,クソメガネ
ゴキンちゃん,ゴキンチャン
サットマン４,サットマン３,サットマン
サボテン55,サボテン
ジャコKIRIMI,じゃこKirimi,じゃこKiRIMI
ジョロ吉,じょろ吉
タロニスティ,タロネスティ
ティン子ちゃん,ティン子ちゃん公式アカウント,ティンパニの妖精ティン子ちゃん
ナインテール,ナインテイル
ニャンマイク,にゃんマイク
バケラッタ,バケラッタ！
ハナフクロウ,はなふくろう
フミさんさん,ふみさんさん
プリン好きのネコ,プリン好きのねこ
ボツ常連,ボツ常連(初投稿)
ポラリス,ポラリス銀行
マティ,マティー
ミゲエル,みげえるS,みげえる鈴木,ミゲエルS
ユータG,ユータＧ
よりぽん28ch,よりぽん
ランジェリー旬報＝旬な下着情報＝,ランジェリー旬報〜旬な下着情報〜,ランジェリー旬報?旬な下着情報?,ランジェリー旬報〜旬な下着情報?,ランジェリー旬報
☆わいあど☆,わいあど
息吹@三島,息吹
暗渠の民,暗渠狂,暗渠バカ
遺産相続で大変なダンディ,４０歳で２５歳の女性の部下のダンディ
俺の長男と俺の息子■,俺の長男と俺の息子
古賀及子ファン倶楽部会員番号001,古賀及子ファンクラブ会員番号001
横浜すずめ,横浜くらげ,横浜西口くらげ
此処じゃない何処,此処じゃない何処か,ここじゃないどこか
山D,山Ｄ
紙状(@yomikatajiyu),紙路,紙状
升谷 保博,升谷保博
赤ベコライダー,赤べこライダー
赤羽岩淵,赤羽岩渕
人間ポンプ,最後の人間ポンプ
打倒あっくん★,打倒あっくん★１号,打倒あっくん★1号,打倒あっくん１号,打倒あっくん
沢田大行列,沢田大
単三,単一
八王寺義昭,八王寺良昭
鳩ヶ谷のパーリークイーン,鳩ケ谷のずら女,鳩ヶ谷のズラ
半ライス大盛りで！,"小ライス，大盛りで"
浜の暇人,浜のヒマジン,浜のヒ魔人,ハマのヒマジン
又旅＠ＴＴＦ,又旅
旅人Taka,【旅人Taka】
和牛ミルクティー,和牛ミルク
瑕疵担保,瑕疵☆担保
